warehouse,east,north,up
A,-0.1827240059233124,-0.30671025560463994,7.123915482887612